{"cameraMode":{"drawMode":0,"name":"Shaded","section":"Shading Mode"},"sceneLighting":true,"audioPlay":false,"sceneViewState":{"showFog":true,"showMaterialUpdate":true,"showSkybox":true,"showFlares":true,"showImageEffects":true,"showParticleSystems":true},"in2DMode":false,"pivot":{"x":253.3369903564453,"y":146.12515258789063,"z":-19.9119873046875},"rotation":{"x":0.2507131099700928,"y":-0.025267373770475389,"z":0.006539370398968458,"w":0.9677284359931946},"size":268.6005554199219,"orthographic":false}