{"cameraMode":{"drawMode":0,"name":"Shaded","section":"Shading Mode"},"sceneLighting":false,"audioPlay":false,"sceneViewState":{"showFog":false,"showMaterialUpdate":false,"showSkybox":false,"showFlares":false,"showImageEffects":false,"showParticleSystems":false},"in2DMode":false,"pivot":{"x":-29.765037536621095,"y":32.62325668334961,"z":8.9568510055542},"rotation":{"x":-0.17758199572563172,"y":-0.7245578169822693,"z":0.20289026200771333,"w":-0.6343364119529724},"size":4.000298976898193,"orthographic":false}